56899 arasmutlu@gmail.com Aras MUTLU 
esrakutlu@gmail.com Esra KUTLU 56485
bekiravsar@gmail.com Bekir AVSAR 56885
filipholosko@gmail.com Filip HOLOSKO 68995
marcýonobre@gmail.com Nobre MARCIO 98745
manuelfernandes@hotmail.com Fernandes MANUEL 54899
marýogomez@goodmail.com Marýo GOMEZ 548621
jonsnow@kinginthenorthmail.com Jon SNOW  12345
vincentaboubakar@gmail.com  ABOUBAKAR Vincent 465879
KÝT Red redkit@cowboymail.com    564823
necipuysal@gmail.com   UYSAL Necip 1903
fabýanernst@johnmail.com ERNST Fabýan 190365
mustafakemal@turkey.com KEMAL Mustafa 18811938
rýcardoquaresma@gmail.com QUARESMA Ricardo 1903568
andersontalýsca@gmail.com  TALISCA Anderson 190394
ozanguven@kacyasýndasýngmail.com GUVEN Ozan 19365
dembaba@gmail.com  BA Demba 19036
CELEN frkncln@gmail.com   Furkan 133306
MICHEAL Jordan m.jordan@mail.com 23