 Name - ID - Surname - Mail
-----------------------------
Anderson 190394 TALISCA andersontalýsca@gmail.com
Aras 56899 MUTLU arasmutlu@gmail.com
Bekir 56885 AVSAR bekiravsar@gmail.com
Demba 19036 BA dembaba@gmail.com
Esra 56485 KUTLU esrakutlu@gmail.com
Fabýan 190365 ERNST fabýanernst@johnmail.com
Fernandes 54899 MANUEL manuelfernandes@hotmail.com
Filip 68995 HOLOSKO filipholosko@gmail.com
Furkan 133306 CELEN frkncln@gmail.com
Jon 12345 SNOW jonsnow@kinginthenorthmail.com
Jordan 23 MICHEL m.jordan@mail.com
Marýo 548621 GOMEZ marýogomez@goodmail.com
Mustafa 18811938 KEMAL mustafakemal@turkey.com
Necip 1903 UYSAL necipuysal@gmail.com
Nobre 98745 MARCIO marcýonobre@gmail.com
Ozan 19365 GUVEN ozanguven@kacyasýndasýngmail.com
Red 564823 KÝT redkit@cowboymail.com
Ricardo 1903568 QUARESMA rýcardoquaresma@gmail.com
Vincent 465879 ABOUBAKAR vincentaboubakar@gmail.com
